User,Rating,Date,Review
Hardiyanti Rukmana,1,2024-08-12 10:10:57,"Banyak drivernya attitude nya kurang,,mohon tambahkan tombol pengaduan atau keluhan di aplikasi"
DAENG MANGKASARA,5,2024-08-12 03:27:57,terima kasih
Anda Hetty,5,2024-08-11 13:25:12,mAntap
St aisyah Arief nur,5,2024-08-11 11:12:42,oke
Hasmawati Hana,5,2024-08-11 10:26:20,bgus
UD FADHILLAH,5,2024-08-11 09:12:55,anak 2 seneng naik maxiride
Ngai 0,5,2024-08-11 07:41:57,Sangat baik dan cocok pas hujan
tipa nanda,5,2024-08-11 06:45:48,sopan
Subhan nuhung,5,2024-08-11 05:39:07,Makasih pak mantap
Mas Riany,5,2024-08-10 12:56:58,mantap bajainya
nurlenni maswanna,5,2024-08-10 12:45:25,pelayanan driver nya baik sekali
Hamriah Yusuf,4,2024-08-10 04:11:23,dreriver bagus dan rama
Bang Faiz,1,2024-08-10 03:29:16,Jelek sekali
bukan hoax,2,2024-08-10 02:09:52,Ampungka pake ini apk drivernya rata2 nda tau pake maps.
Ramlah 92,5,2024-08-10 00:33:38,pelayanan sangat bagus.nyaman
Adri anti,3,2024-08-09 13:29:32,lumayan
Muh Raihan annasir Raihan,5,2024-08-09 11:41:01,nyaman
sukma Larah,5,2024-08-09 11:21:00,baik dan ramah
ryan endang,5,2024-08-09 08:00:53,ramah
Dewi Elizabeth,5,2024-08-09 07:22:21,The best ride cycles
Miftahul Ichsan,5,2024-08-09 06:46:50,bagus
Widya Permata Sari,5,2024-08-09 02:55:43,keren
Austin Adjeng,4,2024-08-09 02:43:23,mantul
yuliana kasir,5,2024-08-09 02:07:14,mantap pak
Athy Nurhayati,5,2024-08-09 01:16:39,klau boleh diadakan promo jugağŸ˜ŠğŸ˜ŠğŸ¤­
Sudarti Putri,5,2024-08-09 00:36:39,cepat tepat
Tojang Idris,5,2024-08-08 23:59:23,Good
Olvia Haria,5,2024-08-08 10:33:58,sopan
Norma Syam,5,2024-08-08 06:34:56,tepat waktu
Nur Lina,5,2024-08-08 05:58:56,baik
Nita Peon,5,2024-08-08 05:04:55,sopan dan ramah sopir driverx
aeidyl. rwin,5,2024-08-08 04:18:05,sangat memudahkn bagi ibuk ibu punya anak 2ğŸ˜Š
Subaedah Subedah,5,2024-08-08 00:17:59,goodjob
Scorpio 29,5,2024-08-07 08:50:19,sopan dan ramah
Gita Ramadhanty,5,2024-08-07 05:32:35,sopan dan ranah
Aksa Aksa,5,2024-08-07 04:02:30,semoga jadi lebih baik lagi
Asfah,5,2024-08-06 12:38:15,"Maa saya Allah, menyenangkan naik maxride"
Asti ahmad,5,2024-08-06 04:13:53,maxride nya cepat tiba dan sopirnya ramah makasih sudah mempermudah perjalanku hari ini
Andi Hudiah,5,2024-08-05 09:45:19,mantap sekali
Dasmira Daraba,5,2024-08-05 07:01:04,sangat nyaman
Sukma Wati,5,2024-08-05 02:23:07,trima ksih bxk atas tumpanganx
muhammad alwi,5,2024-08-04 23:45:44,sangat menyenangkan naik bajaj
Melkiana Boro,5,2024-08-04 13:05:50,bagus
Andriani Rusdin,3,2024-08-04 11:20:18,kendaraan tdk sampai pada alamat penjemputan.. agak lama kita menunggu
silfi fia,5,2024-08-04 11:16:15,bagus
Aci Basri,5,2024-08-04 07:50:26,sopan dan ramah
Husna ima Pampanoa,5,2024-08-04 07:47:36,baik
Leya Cataleya,5,2024-08-04 04:45:58,"supir bajai nya ramah, responnya cepat dan aman sampai rumah....alhamdulillah"
Wahida Idrus,5,2024-08-04 03:10:52,sangat baik
rida wati,5,2024-08-03 23:57:41,pokoknya bagusğŸ‘ğŸ‘ğŸ‘
Fadhila Dhila,5,2024-08-03 12:43:36,ramah dan sopan .
Maria Kodoatie,5,2024-08-03 10:44:52,aman
Syahr Channel,5,2024-08-03 08:22:18,cepat
Rosdiana Diana,5,2024-08-03 07:56:57,"baik,ramah"
Andi Marwah,5,2024-08-03 04:12:24,"Jadi pilihan pertama klo mau jalan2, palagi klo byk anak2, mereka suka skli naik maxride. Bisa jadi transport wisata dalam kota. Kan asyik bgt tuh keliling kota naik maxride."
Risanto Maspur,5,2024-08-02 13:11:12,sangat baik
Agus Mardeni,5,2024-08-02 12:35:51,sangat baik
almandari 10,5,2024-08-02 11:47:43,oke
Elmira Diah Sultannisa,3,2024-08-02 10:35:21,"Sudah di download tapi pas masuk ke dalam apknya kirim otp nya gak di kirim, meskipun sudah ganti nomer yang lain tetep sama"
Tri Lestari Wulandari,5,2024-08-02 06:03:17,sangat baik
St Maryam,5,2024-08-02 02:02:40,sangat baik
pipit urath13,5,2024-08-01 11:08:17,sopan
Oktavianus 20,5,2024-08-01 10:51:54,sangat ramah
Anundita Pramudawardani,5,2024-08-01 10:21:30,mantap
darma yhara,5,2024-08-01 06:27:52,baikğŸ‘ğŸ‘
Ri na,5,2024-07-31 12:23:26,baik semua
Afiyah Akhas,5,2024-07-31 05:05:08,sopan
Andi Sukri,5,2024-07-31 05:04:11,sangat puas
Nasruni runijj.,5,2024-07-31 03:32:41,sangat baik
La Palando,5,2024-07-30 09:33:55,cukup baik
Aqilah Anja,5,2024-07-29 13:21:53,sopan
Theo Theo,5,2024-07-29 12:07:56,sangat baik
Riki Teguh,5,2024-07-29 08:00:27,bgus
St Masita,5,2024-07-29 06:10:02,mantap
Rosmi Rosmi,5,2024-07-29 06:00:41,driver nya sangat ramah
Farida Laumma,5,2024-07-29 03:23:52,sangat baik
Rifaldi Rifal,5,2024-07-29 01:28:25,bagus
PKH Kab. Luwu,5,2024-07-28 23:27:19,bagus pelayanan nya
Andreas Riski,3,2024-07-28 07:02:22,"kok punya ku tertera mobil, kok Motor nya nggak Ada, cara nya gimana mengubah ke Motor, masa nggak bisa?"
Adzriel Afifah,5,2024-07-28 02:36:18,"maaf kurang setorku,knp dak komplain ki tadi atau itung"
nughy ayla,5,2024-07-28 02:19:58,sangat baik dan orgnya ramah
Nurliana Zainuddin,5,2024-07-28 01:06:37,"baik, ramah"
Kecuk Ferdinan,5,2024-07-28 00:33:42,trimakasih
Sarifah Musnayni,5,2024-07-27 10:28:06,sangat baik
Ros Mini,5,2024-07-27 07:15:33,sangat baik
Ida Wahyuningsih,5,2024-07-27 05:05:23,supir ramah
Rita Hanafi,5,2024-07-27 04:45:29,"baik, nyaman dan memuaskan"
Fina Messi,5,2024-07-27 03:02:43,sangat baik
Purnawan Opoh,5,2024-07-26 09:57:32,baik
AQILAH DAN QUEENA Wahyuni,5,2024-07-26 05:37:09,baik
Yenny Octaviana,5,2024-07-26 04:43:42,is the best
Andi Sartika Pratiwi Dewi,5,2024-07-26 02:42:26,is the best
Nita Yudasari Yusuf (nynitnot),5,2024-07-25 10:24:08,baik
Nur tasya Qomariah,5,2024-07-25 09:39:48,ok
Harianti Anti,5,2024-07-25 04:34:45,mantap
Reski Adelya,5,2024-07-24 12:02:38,baik
Hawaniah Hawaniah,5,2024-07-24 11:38:40,terima kasih
Husni Laego,5,2024-07-24 06:04:07,Alhamdulillah baik
Isna Ainun,5,2024-07-24 05:11:58,sangat baik
Hariyanti hariyanti,5,2024-07-24 05:06:00,baik
Sitti Harlina,5,2024-07-24 05:03:21,kurir sabu ramah dan baik hati
Fransisca Amaheka,5,2024-07-24 03:59:20,baik
Anto Anto,5,2024-07-24 02:04:40,driver is the best
Ayumaurafakih Maurafakih,5,2024-07-23 14:30:47,baik
Fify Ramadhani,5,2024-07-23 13:00:04,sangat baik
Syarifah khadijah alkaff,5,2024-07-23 12:30:05,"bagus,ramah orgnya mkasih pa"
asriansyah 24,5,2024-07-23 12:28:04,ramah baik sopan dan hafal jalan
Irma Wati,5,2024-07-23 10:18:21,drivernya sopan dan sangat membantu
Natalia Sari,5,2024-07-23 10:06:28,sangat baik
Muh arya anugrah,5,2024-07-23 09:56:55,sangat ramah dan bermanfaat
Siti Nurfadilah Asyura,5,2024-07-23 07:31:47,sangat baik
Firah Imfi,5,2024-07-23 02:32:27,sangat baik
Hafsah Khalid,5,2024-07-22 14:48:59,sangat baik
Martini Malokkeng,5,2024-07-22 11:34:26,mantap
Saddaq Saddaq,5,2024-07-22 07:20:32,pelayanan nya sangat bagus saya suka
Putri Febriyanti,5,2024-07-22 07:11:19,bagus
Selvia Fransiska,5,2024-07-22 02:23:33,sangat baik
Rizka Anggraeni,5,2024-07-22 02:05:47,pelayanan nya bagus
Adi Candra,5,2024-07-22 01:46:17,lebih bagus
Niswaty Jamil,5,2024-07-21 10:03:28,terimakasih banyak
Rahmawati Rahma,5,2024-07-20 11:47:16,sangat baik dan sopan
Markus Tatho,5,2024-07-20 10:32:43,makasih yaa pakğŸ™ğŸ™ğŸ™ğŸ‘ğŸ‘ğŸ‘ğŸ‘
Rudi Tappukz,5,2024-07-20 09:08:49,keren pelayanannya
Faisal. H. Ar,5,2024-07-20 09:07:23,perjalanan sangat menghibur ğŸ˜Š
Viani Yohanis,4,2024-07-20 01:11:18,Lumayan bagus pelayannya.
Milda Wani,5,2024-07-19 23:31:41,"terpercaya bisa mengantar kemana aja, Amanah pokoknya"
Muhammad Ramdan,5,2024-07-19 23:24:47,terbaik ğŸ‘ğŸ’¯
nwn_ nunaiidaily,5,2024-07-19 12:05:36,driver ramah
Fadillah Syahrah,5,2024-07-19 06:11:14,baik ğŸ‘
Andy Rachman,5,2024-07-19 05:17:11,driverx sopan dan jujur
Henny Triana,5,2024-07-19 04:00:27,aman
Syakir Lahamid,5,2024-07-19 02:19:11,"ramah, good driver,"
Balda Bachtiar,5,2024-07-18 13:09:18,sangat bermanfaat
Siti Barokah,5,2024-07-18 12:44:06,sangat Baik
Adity indra Irawan,5,2024-07-18 11:53:26,ok banget.murah dan berkualitas
Luh Sumartini,5,2024-07-18 11:10:46,pengemudinya ramah
Ummu Ubaid,5,2024-07-18 09:18:37,oke
sri wahyuni said,5,2024-07-18 06:25:29,driver ramah dan sangat membantu
Yudith Mangape,5,2024-07-18 00:59:28,sangat membantu sekali
Haidir Syahrir,5,2024-07-17 13:07:49,mantap
Rudi Andika,5,2024-07-17 10:24:49,good
Ribas Basri,5,2024-07-16 12:36:41,mantap driver nya ramah
akifa naila,5,2024-07-16 02:38:29,Ramah dan enak d ajak ngobrol
Nahar Papua,5,2024-07-15 08:58:27,ramah dan baik..makasih bang......
Nur Rifqy Z,5,2024-07-14 10:06:42,mantap
Rahma wati,5,2024-07-14 05:33:13,ğŸ‘ğŸ‘ğŸ‘ğŸ‘
Heri 84,2,2024-07-14 03:25:11,Maps nya masih belum settle.
Nardo Azalio Bangri,5,2024-07-13 18:45:04,Keren
Lotty Metekohy,5,2024-07-13 14:46:31,"Driver ramah, kondisi bajaj bersih, kadang dapat yang ada speaker jadi di putar lagu ğŸ˜ğŸ‘ŒğŸ» saya sangat senang dengan adanya maxride . Lebih menikmati perjalanan. Biayanya juga terbilang murah . Saran saya, agar di sediakan rating & ulasan kepada driver . The best sih maxride ğŸ‘ŒğŸ»"
daud borce,5,2024-07-13 10:07:05,"asyik. hemat, cepat klo ndaa macet."
Wirna Mutmainna,5,2024-07-13 02:48:47,sangat memuaskan
Aira Azka,5,2024-07-12 09:50:07,nyaman & aman
Muhammad Reza,5,2024-07-11 17:44:10,server mantap cepat datang dan server nya rapi pokonya Ok
Upi Nilam Sari,5,2024-07-11 12:17:46,senang sekali naik maxride
Ervina Yanti,5,2024-07-11 07:13:02,drivernya ramah
MUTAWADDIAH NASRAN,5,2024-07-11 02:33:08,pelayanan ramah dan baik. terimakasih
Faisal Bustam,5,2024-07-10 11:38:46,mamtap
Adit Muh,5,2024-07-10 08:43:08,baik
Rudianto Paloli,5,2024-07-10 02:36:32,sangat membntu.. layanannya juga baik ğŸ‘ğŸ‘
Agil Agil,5,2024-07-09 11:26:52,mantap & nyamann
Euis Kartika Ekawati,5,2024-07-09 03:43:21,menyenangkan ğŸ˜
Nafa Na,5,2024-07-09 00:02:00,"bagus,semua pengemudi ny ramahğŸ¤­"
Shofia Malika,5,2024-07-08 09:35:50,sangatt memuaskan
Al Fath Qeis Saleh,5,2024-07-08 06:01:07,ğŸ‘ğŸ‘ğŸ‘ğŸ‘ğŸ‘
Ramadhan,5,2024-07-08 05:46:14,good
Opo umar Opo ungke,5,2024-07-08 04:05:47,Belum dicoba
Syahrina Inha,4,2024-07-08 03:23:36,membantu
HARUN B,5,2024-07-08 00:23:31,omnya baik sekali
Sukina Sukina,5,2024-07-07 08:26:10,Driver ramah perjalananku lancar
Yuphe Yu2n,5,2024-07-07 07:56:51,"wihhh keren banget, nyaman banget deh"
JAMALUDDIN,5,2024-07-07 06:00:11,Alhamdulillah Driver nya Ramah dan baik
fatmawati sanra,5,2024-07-07 02:07:52,Good
Abd Rahman,5,2024-07-06 14:12:30,drivernya ramah dan ğŸ‘
Afandy Sain,5,2024-07-06 13:25:17,murah dan cepat sampai ditujuan..
inii sulis,5,2024-07-06 09:36:27,ramaa
Ilham Tompunu,4,2024-07-06 09:06:58,baik
Alwy ONEFEE,5,2024-07-06 02:25:17,driver nya ramah
nurlinda linda,5,2024-07-05 08:12:01,"lebih mudah kemana"" , dan driver jg berhati"" dlm berkendara"
Raihani Raih,5,2024-07-05 03:03:37,mantap
Retha Ine,5,2024-07-05 00:10:45,mantap
Alimuddin Ali,5,2024-07-04 14:34:25,Lebih di tingkatkan aplikasinya supaya lebih cepat mengaksesnya ... Luar Biasa
merdhy mer,5,2024-07-04 09:29:27,sangat puasssss
ASR 125 (â€«Ù…Ø­Ù…Ø¯ Ø§ØµØ±Ø¦â€¬â€),5,2024-07-04 08:53:20,"mantap, drivernya ramah sangat menyenangkan ğŸ‘"
fatimah oetomo,5,2024-07-04 05:43:36,pelayanan baik
Yunita Padandi,5,2024-07-04 03:18:28,mantap aplikasinya akhirnya impian saya terwujud untuk naik bajai terimah kasih developer telah membuat aplikasi ini ğŸ™ğŸ»
Rina Sudirman,5,2024-07-04 02:29:14,Baik sekali
Halijah R,5,2024-07-03 11:25:43,sangat membantu
Firdaus Firdaus,5,2024-07-03 08:31:20,Sangat membantu
Diman Ahmadi,5,2024-07-03 07:29:24,drivernya ramah dan murah senyum
Muliadi Marhaban Adhy,5,2024-07-03 04:17:08,membantu
ANITA S,5,2024-07-03 01:18:18,Baik dan Ramah
eri tahir,5,2024-07-02 07:28:56,drivernya ramah..
Ramdhani Eka Saputra,5,2024-07-02 05:54:54,jadi ngantuk..... karena ga panas alias sepoi-sepoiğŸ¥°
Ulfa Fifti,5,2024-07-02 05:51:16,mantap
BSC dru,5,2024-07-02 05:18:23,app sangat bagus
HjSyarifah Nuheriah12,5,2024-07-02 01:33:42,baik dan ramah
Salma 24,5,2024-07-01 12:15:36,baik ramah sopan.
Arfat Morins,5,2024-07-01 06:43:37,sangat membantu terima kasih
Andidarmawan 98,5,2024-07-01 05:57:26,ramah dan baik
bongko_ Daeng,5,2024-07-01 02:24:24,pengalaman pertama naik maxride. Driver ramah banyak memberi masukan dan info tentang maxride.
Nanna T.,5,2024-07-01 00:15:12,Alhamdulillah sdh sampai bajai nya bagus banget
Nelsy Itamar,5,2024-06-30 10:58:52,Terima kasih karena kami telah tiba dgn selamat... pelayanannya sangat baik ğŸ™‚
Khadry Stiem,5,2024-06-30 06:59:26,bagus
Athakia Athakianic,5,2024-06-30 05:07:17,sgt baik
rais morris,5,2024-06-30 02:00:13,mantapğŸ‘
Margen Isnof,3,2024-06-29 08:13:58,"Tolong sampaikan ke para driver bahwa maxride memakai kupon potongan harga agar setiap driver paham, driver memberikan harga tidak sesuai dengan potongan/diskon yang telah berlaku"
Rosmi Atii,5,2024-06-29 06:45:01,nyaman aman santai
Teja Ahmad Nurnantian 0003,5,2024-06-28 10:47:08,Baik
Marchel Toding,5,2024-06-28 08:08:54,baik
Syaharuddin Syahar,5,2024-06-28 06:25:39,drivernya sangat ramah
Ruslan Culank,5,2024-06-27 02:01:40,mantap
sari puspita,5,2024-06-27 01:49:07,Tepat waktu dan pelayanan baik
faura aura,5,2024-06-27 01:03:54,pelayanan yang diberikan sangat baik
YULIANA JUNI,5,2024-06-26 23:12:03,pelayanan bagus
Diana papilaya Dian,5,2024-06-26 13:45:11,mantap
Eni Handayani,5,2024-06-26 05:39:04,ğŸ˜keren
Salma Rahman,5,2024-06-26 05:00:51,"bagus banget, ada aplikasi ini membantu saya bs kemana-mana dan pesan nya jg mudah, makasih"
Nia Indriani,5,2024-06-26 00:22:04,terima kasih ğŸ™
Akun Hilman,5,2024-06-25 03:48:29,Mantap
Mahmud Rauf,5,2024-06-24 01:49:54,ok
dwi andhani,5,2024-06-24 01:45:10,pelayanannya sangat memuaskan
Ravina Pole,5,2024-06-24 00:02:17,mantap
Rati 20,5,2024-06-23 13:32:27,ramah dan sopan
Muhammad Agil Azhari,4,2024-06-23 11:15:18,Tingkatkan lagi dan perbanyak fitur ulasan driver sehingga bs memberikan saran dan kesan utk driver dan mitra terbaik
Awaluddin Hasbi,5,2024-06-23 10:48:28,"puas, Murah tapi bukan murahan"
Keisha Sabira,5,2024-06-23 09:52:31,bagus banget ramah
Cakra Viola,5,2024-06-23 01:18:14,"memuaskan,seru..!!!"
CITRA ALIAH,5,2024-06-22 13:12:38,mantap
Jasman Mukhtar,5,2024-06-22 06:52:36,Alhamdulillah bagus...
Muchlizt,5,2024-06-22 04:16:10,Mantap
Nanda Semarang,1,2024-06-21 12:40:08,watsap
Rivai 180990,5,2024-06-21 11:49:30,manfad
masrianti anti,5,2024-06-21 04:47:27,"pelayanan mantap, bersih... cuma kurangnya belum tersedia dibanyak tempat"
Ruslan S.M,5,2024-06-21 03:11:33,drivernya ramahh
Raisha Sukma,5,2024-06-19 01:31:34,"Sangat membantu dan tarif terjangkau ,pertahankan. ğŸ‘"
samsul arifin,2,2024-06-18 05:38:03,untuk di jakarta kpn ya bisa on?
Syarifuddin Amir,5,2024-06-18 01:14:29,pelayanan baik
Wahidah Idah,5,2024-06-17 11:36:43,driver yg sangat baik
Ismi Nurul,1,2024-06-17 08:43:08,"TOLONG MAXRIDE (makassar) Saya di turunkan di jalan Belum sampai tujuan. Jalur yang dia pilih tertutup karena ada potong qurban. Saya arahkan ke jalur lain yang biasa maxride lewati juga dia tidak mau dan saya disuruh minta bayaran tambahan. Dan bapak ini marah marah membentak, dia bilang salah titik. Saya tanya apanya salah titik dia diam. Dia mau pasang 2 titik padahal tujuan saya hanya 1 titik"
Affan Raniya,5,2024-06-17 05:15:09,mantap
Nur Ariska,5,2024-06-16 08:31:14,baik dan ramah
Arisma Wati,4,2024-06-15 06:22:40,sangat memuaskan
Saenab Nurdin,5,2024-06-15 02:04:28,Drivernya mantap
khadijah 06,5,2024-06-14 09:52:31,Sangat bagus ğŸ‘
Nurmayanti Anti,5,2024-06-14 09:38:53,Terimakasih SDH mengantar ketujuan yg tepat walaupun tak sesuai titikğŸ™
kay hanifah,5,2024-06-13 11:43:37,luas keren nyaman
Nurfitriyana Qadria,5,2024-06-13 08:45:26,"ramah pengemudinya, bersih maxridenya, cepat tanggap setelah diorder. sukses selalu!"
Nha Na,5,2024-06-13 08:30:32,baik
MAMI DAN PALO,5,2024-06-13 05:07:00,"mantappp, syukaaa"
Andi Nillang,5,2024-06-13 04:16:02,mantap
Suriaty Suriaty,5,2024-06-13 04:06:59,drifer sopan
Shinta Lie,5,2024-06-12 10:39:12,terimakasih banyakğŸ˜ğŸ™the best driver
Masita Syam,5,2024-06-12 09:45:48,drivernya baik
amdan ly,4,2024-06-12 08:14:21,ğŸ‘
Putri Puja Pertiwi,4,2024-06-11 16:25:33,"Sebenarnya cukup menyenangkan menggunakan maxride, hanya saja masih perlu ditingkatkan keamanannya terutama pada pintu, terlalu rendah dan kemungkinan beresiko bagi anak2, pintu perlu di modifikasi agar penumpang tetap aman dan nyaman, sekian dan terimakasih perhatiannya."
Supar No,4,2024-06-11 11:11:10,penjemputan cepatğŸ‘ğŸ‘ğŸ‘
Fitriani Fitri,5,2024-06-11 04:06:47,ramah
Jufianita Sari,5,2024-06-11 03:47:19,sangat baik
Ati Nurhayatimalik,5,2024-06-10 02:39:28,Baik
Idris US. Pikoli,5,2024-06-10 01:45:49,sangat mantap
Masita Ibrahim,5,2024-06-09 09:30:58,bagus
Hardiyanti Dhian17,5,2024-06-09 04:43:09,Mantap
Dandy Rivera,5,2024-06-08 17:58:23,puas sama pelayanan maxride
Revolusi Biru,5,2024-06-08 15:27:01,sangat membantu bagi yang tidak punya kendaraan
Laila Abubakar,5,2024-06-08 11:26:58,"Transportasi yang sangat membantu . Selain murah, Bisa muat banyak, Aman dari kepanasan dan kehujanan, pokonya top."
Ramli Jenta,5,2024-06-08 11:25:47,mantap
Rina Gassing,5,2024-06-08 11:04:39,sangat baik
Hamdani Hamdani,5,2024-06-08 10:16:55,rekomendasi
AccankAccank Accank,5,2024-06-08 09:05:12,sangat baik
Ummu Abdillah,5,2024-06-08 06:28:19,drivernya Ramah
Jasman Sdss,5,2024-06-08 06:07:10,mantab
Ningsih Sriwahyuni,5,2024-06-08 05:22:35,sangat memuaskan
mirna inna,5,2024-06-07 08:35:42,terbaik ğŸ‘ŒğŸ‘Œ
aminah husain,5,2024-06-07 05:54:24,pengemudi ramah
Raden Tris,5,2024-06-07 04:53:21,Bagus
Ros Aliyah,5,2024-06-06 07:34:32,Alhamdulillah baik & ramah
Helmi Nurdin,5,2024-06-05 09:26:11,sangat ramah
Hasdar Mks,5,2024-06-05 02:43:48,Trasfortasi unik
Hj. Zaenab Hamid,5,2024-06-05 01:12:42,baik
David Makatengkeng,5,2024-06-04 07:58:25,keren
harika yamang,5,2024-06-04 04:19:28,puas sopirx ramah
Riri April,5,2024-06-03 12:32:38,sangat puas pelayanannya baik
Fauziah Arfah,5,2024-06-03 06:53:33,Trimakasih pak ğŸ™
Sitti Kalsum,5,2024-06-02 04:13:24,asyik
Azwar Madjid,5,2024-06-02 03:59:40,keren pokoknya
Anthie anwar,5,2024-06-02 02:20:08,cepat
Danil Adam,5,2024-06-02 01:05:15,oke bagus
Vira Jhy,5,2024-06-01 10:01:58,sangat baik
Budi Ardiyanto,5,2024-06-01 05:42:54,cepat mendapat lokasi
Cumi Demians,5,2024-05-31 09:36:31,seruuuu naik maxride...ini pengalaman pertamaku...ğŸ¥°
khaer nasbar,5,2024-05-31 08:40:31,sopirnya ramah dan kendaraan muat banyak barang
Muhiddin Nai,5,2024-05-31 03:30:47,mantap
Sartika idris Thika,5,2024-05-31 03:25:22,bgus dan ramah
Mery Genggong rante langi,5,2024-05-31 03:11:59,drever mantap
Lukman gowa,5,2024-05-30 13:50:10,makasih maxride sangat membantu
Azwar Ima,5,2024-05-30 11:08:04,manta â¤ï¸â¤ï¸â¤ï¸ğŸ’‹ğŸ’‹ğŸ’‹ğŸ˜ğŸ˜ğŸ˜
mimi abunawar,5,2024-05-30 05:07:55,"terima kasih, amanah"
Venensia Mewi,5,2024-05-29 03:14:15,mantap
Marni Marni,5,2024-05-29 02:15:19,sangat mudah di saat kita bepergian dan tarif nya jg ramah di kantong
"Hadu, Abdul Karim",5,2024-05-28 03:33:20,ğŸ‘
Rachma Waty AR,5,2024-05-27 02:44:05,bagus banget
Iwan Sija,3,2024-05-26 10:59:00,good
Nurul Istiqomah,4,2024-05-25 13:36:17,nyaman dn terjangkau hargax
Bayang Bayang,5,2024-05-25 06:49:30,"sopirnya ramah,baik"
enos wandi (ENOS),5,2024-05-25 04:17:39,driver ramah
Zain Abizard,5,2024-05-25 01:54:29,Top dehhh
Nur_Asih,5,2024-05-25 00:19:50,sopirnya ramah dan sangat membantu penumpang
Jhon LBC Squad,5,2024-05-24 09:59:39,baik drivernya tertib berlalulintas
Tamsir,5,2024-05-24 06:09:41,mantap
Rina RR,5,2024-05-24 02:46:54,"Sy Suka, bisa muat sampe 3 orang, ada tempat barang di bagian belakang, angin sepoi-sedang terpampang nyata krn pintunya yg tanpa penghalang kaca ğŸ˜"
Siti Syamsidar,5,2024-05-23 12:43:21,oke
Rosdianah Mahmud,5,2024-05-22 05:14:50,sangat membantu
Al Gazali,5,2024-05-22 04:26:57,baik
Muhammad Kasim,5,2024-05-21 23:31:42,"Semuanya bagus aman2 saja tidak Ada mas""alh"
Darma Wangsyah,5,2024-05-21 09:59:06,Mantap tetap kembangkan di daerah sulsel
Ramlah Vhiaramlah,5,2024-05-21 03:28:31,sangat ramah
Yasser Arira,5,2024-05-20 09:12:06,pengemudi baik
Titis Patriani,4,2024-05-20 07:15:26,"Cukup memuaskan. Sgt berguna utk orang yg tidak bisa naik kendaraan, dan ingin bepergian ke tempat yang cukup dekat"
Farid Rachman,5,2024-05-20 01:31:52,cepat irit dan banyak anginya
Ayoeb Fatih,5,2024-05-20 00:44:31,good
Mery Tjenra,5,2024-05-19 11:58:25,pelayanan cepat dan bagus
Fahri Putra,5,2024-05-19 09:39:03,Trims
Nurul Fadlia As'ary,5,2024-05-19 04:20:08,nyaman dan drivernya ramah. good job
muliani tiknok,5,2024-05-19 02:18:36,"sopirnya ramah,bawa bajai santai jadi menikmati perjalanan walau dekatğŸ‘"
Nur Mayani,5,2024-05-18 05:07:00,"MaasyaAllah sopirnya ramah, pelayanan bagus dan harga tarifnya terjangkau"
Abrianto,5,2024-05-18 01:04:34,harga terjangkau
Nasriani Nasriani,5,2024-05-18 00:46:33,bagus
Syafran Sabhara,5,2024-05-18 00:24:04,cepat sampai di tujuan
Andi Azzyafina Qathifah Syahputri,5,2024-05-17 09:50:37,"alhamdulillah sampai di tujuan dengan selamat, nyaman pakai bajaiğŸ˜"
askar kadir,5,2024-05-17 08:27:48,driver baik
syarif hidayat,5,2024-05-17 03:00:08,"bagus, tinggal ditambah pembayaran non tunai"
nony syam,5,2024-05-17 01:46:52,makasih banyak drivernya baik n menguasai jalanÂ² tembus jadinya cepat sampai ğŸ‘
Syamsil Malli,5,2024-05-16 04:16:48,ramah
Cali Gazali,5,2024-05-15 06:21:44,sangat baik
Nur Aisyah,5,2024-05-15 01:02:55,mantaf driverx gaeess
Haisah Dewi,5,2024-05-14 23:19:44,Wowww
Rusdiadi. R,5,2024-05-14 10:20:54,"saat ini sudah cukup baik ,, tapi masih ada kekurangan nya di dalam pengambilan lokasi kordinat, masih belum menjangkau semua lokasi yang ada di maps.. Terimakasih..."
Ramlahratu,5,2024-05-14 10:08:25,asyik juga
Samsung Galaxy,1,2024-05-14 00:19:56,"Kenapa kode verifikasi utk kartu 3, tdk muncul smsnya di inbox... mohon bantuannya.."
Abdmajid Hasan,5,2024-05-13 12:05:49,bagus dan cepat sangat membantu
Azis Hermanus,5,2024-05-13 10:47:49,mohon di bantu koen
WARNING GAMETION BRAND CURANG DAN LICIK,1,2024-05-13 07:53:37,Aplikasi byk keluhan mahal pula dan nunggu lama sekali Ai sessajaki dekkeng..!!
suriana syam,5,2024-05-13 03:52:44,suka naik bajaj
marianna rizal,5,2024-05-13 02:14:41,baik sekali
Agatha Elika,5,2024-05-13 00:40:58,mantar gaess.
ernaeda naharuddin,5,2024-05-12 14:09:33,bersih wangi dan full anginğŸ˜Š
Yeti Titaokey,5,2024-05-12 10:03:12,terimakasih
Hj Sumriati,5,2024-05-12 02:01:41,driver ramah
Ahmad Najib,5,2024-05-11 23:51:21,mantab
Nabilah Risma,5,2024-05-11 11:29:42,sangat baik orgnya
Dewi Astuti,5,2024-05-11 05:26:56,"orangnya ramah,cantik,manja"
akhtar nabhan,5,2024-05-10 12:08:55,mantap
Andi Rum,5,2024-05-10 09:17:02,very good
Jack Jack,5,2024-05-10 08:39:34,mantappp
Fitri Aulia asis,5,2024-05-09 13:51:54,mantaf. gsess
Har Tati,5,2024-05-09 07:43:47,ramah
Rini Sandrafirgianti,1,2024-05-09 07:43:04,Download tpi minta kode kasi nmr hp tunggu brp menit di ulang2 terus saya kasi bintang 1 saja krn saya kecewa dan jengkel
Mickael Allorerung,5,2024-05-08 12:22:56,maanta
Putri Putri,5,2024-05-08 10:45:25,kerenğŸ‘ğŸ‘ğŸ‘
Ratnawati Dj,5,2024-05-08 05:20:03,mantaf driver gaes ğŸ’“ğŸ’“ğŸ’“ğŸ’“
Hi uli Hj uli,5,2024-05-08 04:36:10,mantaf gaes
guntur dago,5,2024-05-07 08:35:18,makasihğŸ™
sulkipli123,5,2024-05-07 02:14:25,lebih nyaman
lan rocsano,5,2024-05-06 10:24:10,terima kasih
Ranty Ranty,5,2024-05-06 06:49:28,"sangat memuaskan, Supirnya Ramah"
Muli Muliana,5,2024-05-06 01:11:49,ramah
Marianna Rizal,5,2024-05-05 08:39:38,pelayanan baik
samberi1212 channel,5,2024-05-05 06:21:49,apik. alternatif transportasi yang ada di kota Makassar
Valen Pabisa,5,2024-05-05 05:14:12,mantaf
Diablo678 Diablo679,5,2024-05-05 04:57:03,drivernya ramah dan mengemudikan dengan aman
ANDI AZRIEL WIJAYA,5,2024-05-04 12:18:46,Pelayanan & Pengantaran luar biasa ğŸ™ğŸ»ğŸ™ğŸ»
soel aja,5,2024-05-04 09:41:39,terimakasih pak driver
rahmawati uncis,5,2024-05-04 05:28:05,baik
hasabuddin naba,5,2024-05-04 01:51:04,pelayanan bagus
wana ismail,5,2024-05-04 00:37:49,sangat menyenangkan
KARMILAWATI,5,2024-05-03 23:08:59,bagus sekali drypernya
Dian Yudianti,5,2024-05-03 04:15:32,belum bisa transaksi non tunai ğŸ˜•
Muliadi Adhy,5,2024-05-03 02:43:38,sangat ramah dan baik
Yuliati Dgmalino,5,2024-05-02 13:52:19,sangat bagus
Gibran Shadiq,1,2024-05-02 08:58:40,Drivernya banyak yang mau di edukasi. Driver banyak yang tidak ramah suka ngebut dan ugal ugalan. Setelah orderan selesai kita tidak bisa memberi rating kepada pengemudi. Sebaiknya itu disediakan agar kita memberi nilai kepada pengemudi anda
Dedi Efendi,5,2024-05-02 08:44:17,saya sangat memuaskan dan senang dlm perjalanan nya yg sangat baik utk pengemudinya
Arif Maulana,2,2024-05-02 07:40:58,Setiap pesan bajaj tuh kok ribet yah segala ada kata pengemudi tidak tersedia lah ini lah itulah tolong dong ini gimana sih
Umbar Mulyadi,5,2024-05-02 04:37:47,Alhamdulillah sangat membantu
Iwan Chandra,5,2024-05-02 03:02:09,"mantaplah ,murah meriah"
Jacobs Horman,5,2024-05-02 02:06:40,nyaman dan pengemudinya ramah
Rahma Wathy,5,2024-05-02 02:03:40,"bagus , nyaman dan cepat juga sampainya"
Murni Ati,5,2024-05-01 14:17:31,mantap
asnawati syifa,5,2024-05-01 00:41:09,bagus
Kasmawati Koe,5,2024-04-30 12:17:26,merakyat
Mahdon Mahdon,5,2024-04-30 05:33:46,baik bangat
Fatmah Syafry,5,2024-04-30 03:03:24,kurir baik ğŸ‘ramah
Althaf Syarief,5,2024-04-29 03:03:00,enk dan mudah order nya
Nasbun Nur Alim,5,2024-04-29 01:57:27,"Sudah lihat sepertinya bagus, baru mau mencoba"
Asma Maulana,5,2024-04-28 08:16:21,sangat ğŸ‘
Nur Hasanah,5,2024-04-28 07:05:07,top
Ahmad Muchsin Jayali,4,2024-04-28 02:05:52,cukup membantu
Dynm Corp,5,2024-04-27 13:20:22,bagus
Muh agus Salim zaenal,3,2024-04-27 08:42:27,aplikasi nya kurang bagus masa minta kode verifikasi harus matiin VPN apalah segala ribet pemesanan nya jg nggk terdeteksi sama skli padahal driver berlalu lalang
Ajwad Al razzaq,5,2024-04-27 07:07:18,luar biasa bagus
Muhammad Adnan,5,2024-04-27 06:49:29,ok
Zul Kifli,5,2024-04-27 06:06:28,baik
Indar Indar kadir,5,2024-04-27 02:30:09,mantap
Ian Kheoq,5,2024-04-26 03:22:17,sangat terbantu
suriati dg kanang,5,2024-04-25 13:20:20,bagus
Wahidatul husnah Husna,5,2024-04-25 09:40:07,orgnya ramah dan sabar
Qyuza Stock 2,5,2024-04-25 06:43:36,mantap
R.Stivo,5,2024-04-25 05:51:11,sangat baik
haeruddin Didhyn,5,2024-04-25 03:47:02,sangat baik
Syamsia Cia,5,2024-04-25 02:28:52,sopir nya ramah baik di temani ngomrol
Akbar Muhammad,5,2024-04-25 00:56:16,mantap
Dilla Sintapuri,5,2024-04-24 10:34:34,sangat membantu
Andi gusniwati,5,2024-04-24 10:15:45,drivernya sangat baik meskipun jalan sangat macet toi dia tetap sabar. sehat selalu pak driver byk rezekinya dan berkah amin
Ana Supriana,5,2024-04-24 07:13:08,bagus ğŸ‘
Alfinah Pino,5,2024-04-23 10:02:59,sangat baik
Yuliana Mo,5,2024-04-23 08:43:53,drivenya baik.
Hj Arfah Al Saihal,5,2024-04-23 08:41:48,Sangat bagus melayani
Sri Wahyuni Yuni,5,2024-04-22 13:06:31,keren banget ada Maxride jadi gak kehujanan dech....Muantap tenan
Fatma Zee,4,2024-04-22 07:47:17,Saya berkali kali mendaftarkan nomor saya sebagai pengguna tapi tidak bisa
Dahlia Akil,5,2024-04-22 07:16:04,good job pak.. terimakasih ada H mengantar anak2q dgn selamat .. meski sempat panik krna 2 alamat padahal 1 ji ğŸ˜‚
Muh.tamrin Tamrinlallo,5,2024-04-22 06:14:18,mantap
muhlis damin,5,2024-04-22 05:39:30,"drivernya baik , sangat membantu"
Listina Putri,5,2024-04-21 12:45:00,baik
Rahmat Salim,5,2024-04-21 12:18:08,Sangat membantu
Ingga Olivia,5,2024-04-21 10:31:07,sangat baik
Triana Abri,5,2024-04-21 09:55:22,mantap sopirnya ramah makasih yah ğŸ¥°ğŸ˜†
miemie chantieq,5,2024-04-21 08:19:24,memuaskan
Hijra Hijra,5,2024-04-21 07:33:56,mantap
Verly Gunawan,5,2024-04-21 06:05:00,"nyaman seruu,ğŸ‘ğŸ»"
andi shinta,5,2024-04-21 02:53:34,semoga tambah banyak armadanya terutama daerah samata. soalnya setiap saya mau order dari samata selalu driver tidak tersedia
Fhera Fera,5,2024-04-20 12:26:21,mantap
Farahdillah Farah,4,2024-04-20 12:07:58,baik
Fathir,5,2024-04-20 03:47:29,Markotop dan cepat
Sumiani Dg sompa,5,2024-04-19 23:07:29,Aplikasi ini sangat bagus
Fernando Ginting,1,2024-04-19 10:59:49,Kk ini jual bajaj roda tiga atau narik sewa kk
Fitri Azzahra,5,2024-04-19 09:33:42,"sejauh ini penggunaan Maxride, khususnya roda 3 sangat menyenangkan, sayangnya agak susah dapat armada dilokasi saya, semoga kedepannya semakin mudah dan pelayanannya juga semakin bagus, dan untuk pembayaran cashless nya bisa disegerakan"
Aisyah Khairunnisa,5,2024-04-19 03:51:28,sangat baik
Yanz Maximcar,1,2024-04-18 14:18:55,Kurang bagus
Rahmat Usman,5,2024-04-18 10:17:39,Mantap
sukma wati,5,2024-04-17 13:44:39,baik dan ramah
Kusmawati Mksr,4,2024-04-17 11:50:00,alhamdulillah mantap
Ardy Jie,5,2024-04-17 11:33:05,driver nya baik n murah senyum ğŸ‘ğŸ‘ğŸ‘
Faizah Kiftiyah,5,2024-04-17 08:33:36,murah meriah ramah
hidayat buble,5,2024-04-17 05:05:04,Koordinasi yang baik
Syarifah Salsabila,5,2024-04-17 04:05:25,mantaaapp
fajrin azizah,5,2024-04-17 03:23:07,drivernya sopan dan ramah..Syukron pak pelayanannya
Eko Ilmawan,5,2024-04-16 07:00:16,Mantap.
rezqina mella,5,2024-04-16 05:52:45,"bagus, nyaman dan aman"
ST. HASNIAR S.Pd.I,5,2024-04-16 04:52:09,drivernya sgt ramah
JASA KURIR DAENG gowa,5,2024-04-16 02:01:56,banyak rezekita pak Driver
Yuni eka Yudistira,5,2024-04-15 04:19:05,"sangat ramah,baik, dan sopan kepada pelanggan nya"
Al Qabir,5,2024-04-15 03:50:40,lumayan
Hasbi Nandar,5,2024-04-15 02:42:29,Sopan
Rahmat Surahman,5,2024-04-15 02:37:06,mantap
Roslinda Linda,5,2024-04-14 23:37:14,"sangat baik, tepat waktu"
Yosep Antonio,5,2024-04-14 10:05:15,senang banget
Aira Naura,5,2024-04-14 02:52:46,makasih bnyak bosku
husna macca,5,2024-04-14 01:11:43,maaf salah tindis smiley
Ilham Akbar,4,2024-04-14 00:35:45,mantap
Mama Aya,5,2024-04-13 07:18:50,suka ... sayangnya masih kurang armadanya... armada bersih... smga ttp terjaga ya
Ferdy Wijaya,5,2024-04-13 05:26:17,max ride is the best
Anggeraja Satu,5,2024-04-13 04:05:52,sangat baik
Fitrah yusma,5,2024-04-12 14:24:25,pokokx senang dgn supirx baik dan sopan
ardant family,5,2024-04-12 13:02:28,baik
Ansarfqy rfqy,4,2024-04-12 05:48:38,"harga agak mahal,tpi aplikasi bgs cara daftarnya jg sangat cepat"
Syamsul Alam,5,2024-04-12 05:30:59,Seru
Sendal Cappi,5,2024-04-11 13:03:32,mantap pelayanan nya
Boestham Bachtiar,5,2024-04-11 13:00:16,sangat membantu
Faiz Muh Faiz Aidil,5,2024-04-11 06:42:47,terimakasih
irma suryani,5,2024-04-10 13:57:03,"sangat membantu sekali, apalagi kami yg tinggal di lorong,harga terjangkau."
Indah Sari Ilyas,5,2024-04-10 09:51:14,sangat baik terima kasih
Ayu Ayu,5,2024-04-10 00:08:33,pengemudinya bagus Rama
Andi Rajata,5,2024-04-09 11:04:40,keren
William Santonio,5,2024-04-09 02:33:30,mantap
Jiro Petarukan,5,2024-04-09 02:26:50,Mantap
White Black,5,2024-04-09 01:03:37,bagus di pke cepat dan tepat
Hitler,1,2024-04-08 07:43:24,APLIKASI TIDAK JELAS TOLOL!!! KALAU ADA RUTE PENDEK NGAPAIN LEWAT TOL?? LU MAU NAMBAH ONGKOS KAH AJG???
Hasrianti H. Beta,5,2024-04-08 04:19:21,baik
Achmad Bisjoe,5,2024-04-08 02:34:43,Alhamdulillah.
Alya Warahmah,5,2024-04-07 17:17:20,pengmudi aman dan linca.mantap sangat membantu dan juga sangat mura
Imam Sul,4,2024-04-07 11:19:56,"Saran saya Cuman dari segi map dan keterangan orderan,,, sukit memperkirakan driver sudah dekat atw mash belum bergerak,, serta harga dri orderan akan hilang jika sudah memesan jasa,,, ini bisa jadi membingungkan dan beberapa driver mungkin akan menaikan tarif karna hanya driver yg tau harga"
Suhendra Ilham,5,2024-04-07 06:18:27,salah satu solusi berkendara tanpa macet
Darmila Awaliyah,5,2024-04-06 13:23:12,sangat bagus
ahmad afiq,1,2024-04-06 13:09:52,"Loading saat mencari pengemudi lama, saya menunggu hampir 30 menit gara gara loading"
Andini Zahra,2,2024-04-06 11:28:44,"Susah sekali dapat driver, percuma ada aplikasi nya kalau susah dapat driver, giliran di cancel tiba2 dtg sendiri driver nya"
Fadriani Darwis,5,2024-04-06 06:04:01,Senang dgn pelayanannya
Ristiaty Syarif,5,2024-04-06 02:30:32,baik
Rona Romana Batti,5,2024-04-05 15:09:45,lbh simple dan irit
Andi Syahmindar,5,2024-04-05 02:45:04,ğŸ‘ğŸ‘
KURNIATI CORY,5,2024-04-05 02:32:47,baik
Mince Allolinggi,5,2024-04-05 01:48:59,Mantap. terima kasih
maria punga,5,2024-04-04 08:37:19,baik
Risma Wati,5,2024-04-04 05:15:06,supir nya semua baik dan sopan sy suka naik maxride
Arief Rivai,5,2024-04-04 03:47:40,Opsi bagi suka mabok darat dan ga mau kepanasan. tarif affordable. sayangnya blm ada opsi untuk bayar non tunai.
roni lo vun yin,5,2024-04-03 07:07:04,seru
Ahmad Risal,5,2024-04-03 06:58:28,mantaf
marwa marwa,5,2024-04-03 05:50:33,sopir bajai ramah dan baik
Body Tamaela,5,2024-04-02 08:08:03,cepat dan sopirx ramah
Aryanto Toraja,5,2024-04-02 00:28:26,bagusğŸ‘ğŸ‘
Firman Haris,5,2024-04-01 14:50:20,terima kasih sudah di antar sampai tujuan
Ciicha Gee,5,2024-04-01 14:35:48,Good
Rimz Rimz Jelita,5,2024-04-01 11:40:52,Cukup menyenangkan menggunakan Maxride bajaj
Lisrahayu Fitri,5,2024-04-01 09:14:36,cukup terjangkau
Marwan Syah,5,2024-03-31 09:08:01,Ok
Febry Ana,5,2024-03-31 07:47:58,nyaman
Irma Selviana,5,2024-03-31 06:23:50,bagus
Sri Wahyuni,5,2024-03-31 03:28:17,bapak nya sangat baik dan ramah
Lisa Fitriani,5,2024-03-31 02:48:20,baik dan ramah
Apriliani Utami Saputri,5,2024-03-31 01:09:58,baik+++
Sarah Aulia,5,2024-03-31 00:45:41,alhamdulillah mantap sangat membantu
Damayanti Ahmad,5,2024-03-30 14:03:49,perbanyak angkutannya pertahankan harga yang murah tapi tdk murahan
Lagaya officiaL,5,2024-03-30 12:43:08,mantap
Nafisah Biya,4,2024-03-30 02:07:35,oke mantap
Herman Emmang,1,2024-03-29 09:44:03,Aplikasi tidak berguna
Adhe Hermawan,1,2024-03-28 21:30:19,Driver nya ngga bisa di rating Maceku naik bajai ngga di kasi turun sesuai titik terus ngajakin debat Plat: DD 4424 XX Kendaraan warna kuning
Lisa Haraphinot,5,2024-03-28 14:24:21,keren
elvira maya upara,5,2024-03-28 12:38:53,sanagt memuaskan
Fatma Wati,5,2024-03-28 08:52:14,mantap
Sitti Khodijah,5,2024-03-27 23:41:28,alhamdulillah sangat membantu
Abu Hanifa,5,2024-03-27 12:14:09,segar liat pemandangan malam makassar
Andi Darmawan,5,2024-03-27 08:46:56,ğŸ‘
Rahmat Djafkir,5,2024-03-27 05:26:00,mantap drivernya
Alea Reny,5,2024-03-26 01:48:56,Bagus dan murah
Reza Tampang,5,2024-03-25 16:25:11,"mantap tarif terjangkau untuk anak kuliaan bisa patungan naik 3 orang cuma bayar satu aplikasi saja, cukup membantu"
Wawan Fix,1,2024-03-25 15:23:15,Terlalu berbahaya untuk pengemudi sekitar
Julia Tri,5,2024-03-25 13:42:04,sangat nyaman
Muh ammar Ammar,5,2024-03-25 01:43:35,Bagus
Susanto Paska,5,2024-03-24 13:23:20,om drivernya ramah..
Andi Juniati,5,2024-03-24 12:08:19,Baik Dan Ramah
Zakiyah Hud,5,2024-03-23 10:58:43,sangat menyenangkan dan sopir ny seru seru
Alimuddin Ali,5,2024-03-23 07:23:26,sesuai titik org rama
Narwiyani ST,5,2024-03-23 07:19:53,driver nya ramah
andriani lie herman837,5,2024-03-23 06:05:53,ğŸ‘ğŸ‘ğŸ‘
Has Ballah,5,2024-03-23 05:13:11,"tempat duduk nyaman, drive mencari jalan tercepat, driver ramah"
Salam Sukses Mandiri,4,2024-03-22 12:37:19,keren
Ainun Aizar,5,2024-03-22 11:20:12,bagus
Nur Yaqin Amin,5,2024-03-22 06:11:56,"senang Skali bisa ajak anak anakku naik maxride, seruuu cm nahinnya kencang, mungkin BS diperbaharui pihak maxride penutup atau apalah"
Dewi Anwar,5,2024-03-22 01:18:09,sangat baik
sri mutmainnah,5,2024-03-22 00:24:25,masya Allah sangat terbantu dan hemat
Esa Lestary,5,2024-03-21 12:17:13,good
Arkana Rafia,5,2024-03-21 10:40:07,bagus
Jebel Maryke,5,2024-03-21 09:19:57,sangat nyaman apalg pas musim hujan
Raodah Haryadi,5,2024-03-21 05:46:59,sangat membantu bagi orang yang mabuk kl naik mobil seperti saya..
Lhia Oktaflien,5,2024-03-21 05:19:04,"besok2naik bajaj lagi bila bepergian,soalnya nyaman dan ramah pengemudinya"
hasnawati senna,5,2024-03-20 05:47:40,seru
Sahrania Wilda,5,2024-03-20 02:49:25,mantap
Akal Einstein,5,2024-03-19 13:51:18,driver ramah dan sopan. sangat memuaskan sekaliğŸ‘
Nining Rosa Rini,5,2024-03-19 02:47:06,terima kasih
TWENTYONE TIMBANG,5,2024-03-18 14:23:45,TERIMAKASIH
Alwi Rasyid,5,2024-03-18 08:12:37,mantap
Hamila Rach,5,2024-03-18 07:25:29,semakin mudah di akses.
Nona Usagi,5,2024-03-18 06:12:31,"Perbanyak promo, dong"
muhammad ashar,5,2024-03-18 04:18:00,Masya Allah drivernya rama
Sri Hidayanti,5,2024-03-18 02:33:25,good good good
Raihan Agus,5,2024-03-18 01:11:39,sangat baik
Muhamad Dong,5,2024-03-17 05:32:34,mantap...
Jhumrianhi Rastra,5,2024-03-17 03:39:26,pengemudinya baik
Bapekom VIII Makassar,5,2024-03-17 01:17:41,menyenangkan.......nice driver
hilda Siauw,1,2024-03-16 15:35:34,"Bajainya nagih ndak sesuai biaya. Dilayar tertera 19rb ditagih 25rb dan kurang sopan drivernya. Dia bilang laporin aja di Maxride nya. Dan di aplikasi tdk ada keluhan untuk penumpang. Gimana nih dg driver kayak gini, bikin trauma saja"
Nour Sriyanah,5,2024-03-16 13:09:36,ramah dan sangat membantu
Syarifah Muhlis,5,2024-03-16 08:03:40,sangat baik
andi mega 94,5,2024-03-16 07:36:56,pengemudi ramah dan baik
Media Berkah,5,2024-03-16 02:00:25,Mantap ğŸ‘ğŸ‘saya suka aplikasi ini dan murah muriah
Jopie manoppo,5,2024-03-15 10:01:44,mantap
Muh Rifat Sadiqi,5,2024-03-15 05:16:34,sangat ramah
NUR ALAM IKHSAN,5,2024-03-15 04:55:03,puas
bagus santoso15,5,2024-03-15 03:12:50,Sangat membantu
Anzar Buyung,4,2024-03-14 04:04:06,sangat mbantu dlmpilihan trnspftsi online
Muh Afdal Anugrah A,5,2024-03-14 02:05:27,mantap tawwa
Ahmad Dahlia10,5,2024-03-13 18:17:16,bagus kali naik bajak i jyaa
Mutmainnah Nhinna,5,2024-03-13 14:26:37,baik nyaman
Herman Pietoyo,5,2024-03-13 07:03:00,mantap
Franky Winata,5,2024-03-13 06:13:27,pengendarannya sangat sopan dan sabar
Aura patri,5,2024-03-13 05:38:58,mantep drver
Daeng Aziz,5,2024-03-13 03:46:23,sangat bermanfaat
Muzdalifah Muce,5,2024-03-13 02:10:07,alhamdulillah diantar sampai tujuan dengan selamat
Syamsiah Jie,3,2024-03-12 03:41:33,"Kenapa ya..saat ini tidak bisa di akses...,tidak bisa di buka aplikasinya...??"
Raqil Zahir,5,2024-03-11 13:49:41,kendaraan alternatif bgd apa lg buat rumah sy yg jalanan'n sempit bgd makasihğŸ˜
Senopati Ghiez,5,2024-03-11 08:16:23,"alhamdulillah, ğŸ‘ğŸ‘ğŸ‘"
Yulianti Anti,5,2024-03-11 05:14:03,sopir baik
Blocked drain indo,5,2024-03-11 03:43:17,GG ok
Salman Alfarisi,5,2024-03-11 03:18:58,terima kasih bantuannya pak
suriah hanafi,5,2024-03-11 01:18:12,jgn merokok disaat membawa penumpang
Nurshafitri Fitt,1,2024-03-11 01:11:36,Pengemudi susah ditemukan
maryssarita ri'pi,5,2024-03-10 05:10:01,orangx baik
Jum Lia,5,2024-03-09 23:18:23,drivernya baik sekali..
Sukma Yani,5,2024-03-09 10:50:21,sangat memuaskan
Abyan,5,2024-03-09 10:25:18,pengantar sangat ramahh
Marni Yanti,3,2024-03-09 10:04:16,"Susah cari driver, jarak 300 meter dgn driver masi bilng driver pada jauh...? Terpaksa pesan grab, pas lewat banyak bajai nongkrong di jln dekat dari rmh.."
Zahra Nur hikmah,5,2024-03-09 07:59:31,bagus pertahankan
Sendy Hamdani,5,2024-03-09 06:52:12,"baik ,perjalanan aman"
sriwahyuni ken,5,2024-03-08 10:22:12,nyaman
Naslah Suaib,5,2024-03-08 04:47:06,sangat baik
Murniwati Tiropadang,5,2024-03-08 04:41:06,wow mantap
Hasrianti Hasrianti,5,2024-03-08 01:27:50,makasih
erna husba,5,2024-03-08 00:30:45,ramah
Wiliam Oteno Rumpa,5,2024-03-07 10:33:40,Murah
Nur Hakikhy,5,2024-03-07 08:43:49,"Baik, dan juga ramah"
Isra Mahyuddin,5,2024-03-07 07:23:17,mantp
Nadia Shanty,5,2024-03-07 06:51:34,sangat baik sekali
Ewa Ko,3,2024-03-07 06:18:48,"aplikasi masih harus diupgrade,"
Iswan Idrus,5,2024-03-07 04:21:37,sangat baik
Vivo Br,5,2024-03-07 03:38:06,"mkasih pak, ats bantuannya"
azhar bahar,5,2024-03-06 05:34:22,driver Sangat Ramah
Tika S,5,2024-03-06 04:41:13,supir x ramah semua
Juli Andriani,5,2024-03-06 04:28:34,mantapp simple
Armiati Armi,5,2024-03-06 02:42:46,baik
Sitti Naisah Ilham Tahir,5,2024-03-05 06:38:53,mantapppp
Yuniar Saskia,4,2024-03-05 05:09:01,Mau nanya bedanya klasik sama bisnis apa yah?
Tri Utami Yusgar,5,2024-03-05 00:55:51,nyaman... recommended.... yuk cobain....
Ernawati Umar,5,2024-03-04 15:17:45,"pelayanan yang sangat sngat baik , drivernya ramah , pkoknya plg the best diantara smua kompetiternyaaa ğŸ–¤"
Dg manaik Manaik,5,2024-03-04 10:28:15,baik
MARCEL,5,2024-03-04 09:55:46,Ok
Revan Raditya Saputra,1,2024-03-04 08:52:27,Kok kagak ada yang menerima orderan saya lama banget sumpah
Nur Aliyah Zulkarnain,5,2024-03-04 03:47:56,tolong dong bajajnya jgn asal2 camcel kita penumlang capek tunggui eh malah dicancel
Wijhah,5,2024-03-04 01:27:33,"keren keren keren,,, cuma blum bsa sampai depan rumah karena gank ku kecil, hehe"
Islamiyah Mia,5,2024-03-03 10:19:58,naik maxride perdana ğŸ‘Œ
Tri Aprili Tri,2,2024-03-03 07:43:29,pertama kali bagus naik bajaj
Kim Hani,5,2024-03-03 06:00:02,Sangat bermanfaat
Nurma Riana,1,2024-03-03 05:59:57,Sy pesan knpa selalu di batalkn.. sebenarnya ini dravex mengemudi apa gk sih jgn php mulu
Andi Mirnawati,4,2024-03-03 04:33:53,bagus
Agustina Tina,5,2024-03-03 03:32:26,Alhamdulillah mantap
Adib Fauzan A.,1,2024-03-03 01:43:55,"Sayang gak ada max ride di sekitar perumahan yang jauh, sangat mengecewakan"
rusman sabang,5,2024-03-03 00:09:21,Mantap
Jeni Lestari,5,2024-03-02 23:52:22,sangat bagus
Fitry Ana,5,2024-03-02 09:38:35,nyaman
Farhat Galang,5,2024-03-02 06:38:50,memuaskan
Nisa Nisa,5,2024-03-02 06:38:12,drivernya tenang
NOVA TRIWILDA,4,2024-03-02 02:28:06,"Lumayan,, apalagi kl driver nya juga ramah"
Maymay Chandra,5,2024-03-01 11:44:11,mantaaappp
Ryanty dalle,5,2024-03-01 11:21:42,bagus
Desy Armadani,5,2024-03-01 11:14:52,"maaf salah tujuan tadi pak,terima kasih atas pelayanannya iye pak"
mastan hamka,5,2024-03-01 08:59:08,"nyaman, t4 barang jg agak luas, bida dewasa 2 dan anak balita 1"
Cak Cak,2,2024-03-01 03:49:18,"Driver.y pilih2 orderan klo jauh jarang banget ada yg mau ngambil, padahal kan harga sesuai jarak, JD apa masalah.y ??? JD malas pke jasa maxrideğŸ‘"
Usman Andi Makkua,5,2024-02-29 10:17:46,mantap
Syahril Suryanto,5,2024-02-29 10:09:12,matntaf
Thamrin Taha,5,2024-02-29 10:09:05,drivernya baik dan ramah. semoga dilapangkan rezekinya
Jumriati S,2,2024-02-29 08:18:07,baik
Putra Leo,5,2024-02-29 07:57:02,"Driver Yang Ada Di Maros Sangat Ramah Dan Sopan tidak banyak neko neko, Driver on-line terbaik Yang Pernah Ada terkhusus Pengemudi Bajai Biru Sedikit Tinggi Hitam Manis."
Herda Wati15,5,2024-02-29 07:33:40,masfas msntaf
Rasni29 Firdaus,5,2024-02-29 06:46:03,mantap
Delvira Paraeng,5,2024-02-29 01:54:40,sangat asyik.
Sitti Hajar Atiqha,5,2024-02-29 01:33:49,bagus
tendabiru ratnasari,5,2024-02-28 15:55:37,"supirx baik,sopan lg"
Monalisa a.musa,5,2024-02-28 10:29:02,Lebih hemattt
herlina sattuang,5,2024-02-28 09:31:44,"recommend bangetttt, nyaman, murah, seat lebar bisağŸ‘ğŸ»ğŸ‘ğŸ»ğŸ‘ğŸ»"
Andi Nurhajar,5,2024-02-28 09:30:55,bagus
Muh Mu'afi Syauqi Rachmat,5,2024-02-28 09:13:01,mantaf
Ahmad Roby,5,2024-02-28 05:24:32,makasih iye bpk
Yuni Hasrini,5,2024-02-28 04:56:10,sangat baik
Ika Pribadijie,5,2024-02-28 04:53:20,mantat
Nur Isma,5,2024-02-28 04:31:32,terima kasih atas pelayananx pak
maylina fitriyana,5,2024-02-27 14:18:59,mantaf
Yulia Ratu,5,2024-02-27 13:18:09,mantaf
Nadhilah Avissa,5,2024-02-27 11:34:26,mantaf
Emy Emy,5,2024-02-27 05:04:54,mantap...ğŸ‘ğŸ‘ğŸ‘ğŸ‘
Kaka Pute,5,2024-02-27 02:54:56,mantap
Erika Elv,5,2024-02-27 02:53:02,mantaf
Ifa ummu Muhammad,5,2024-02-27 02:19:28,mantaf
Vince Chandra,5,2024-02-27 01:03:29,"Aman,murah meriah,ramah sopir nya,bersih bajainya.tks"
Muh Fauzan,1,2024-02-27 00:50:13,Lama sekali baru menjemput driver nya
didin ardan,5,2024-02-26 16:01:33,ğŸ™â¤
Nur hikmah Hatta,5,2024-02-26 11:07:50,ramah
EKI EDT,1,2024-02-26 08:22:55,"Payah Maxride area Makassar kota, kelupaan barang besar berupa meja lipat gak ada etikad baik untuk mengembalikan.padahal dia ngantar sampai rumah"
Iskacel 88,5,2024-02-26 07:48:41,mantap kalo hujan
Neng Hifdziya,4,2024-02-26 02:56:08,aman digunakan pada saat hujan dan panas matahari
Warkop Dewa,5,2024-02-25 08:34:51,"Oke mantap aplikasinya, Membantu"
Anty Anty nur shanty,5,2024-02-25 05:15:39,baik
Irma Queen (Imma),5,2024-02-25 04:21:45,narif terjangkau kalangan kecil dan menengah
Anggoro Yudho,5,2024-02-25 02:56:31,"driver ramah, kendaraan bersih"
Lulun B,1,2024-02-25 01:31:27,"Tolong driver jangan suka pilih"" Orderan tujuan jarak 7-8 km dr penumpang!!! Bnyak alasan gak bs muter lah macet lah eh ğŸ’©ğŸ± driver na duduk manis dibajai na krn malas lewati jalanan macet... Kalo bs ksh turun performa driver bajai na sperti gojek dan grab..."
Annisa yunia rahmawati,5,2024-02-24 14:53:27,bagus
Dharma P3D,5,2024-02-24 13:40:03,drivernya baik dan ramah
Muhammad Arfandhi,1,2024-02-24 11:32:10,Sangat di syangkan driver tdk mau terima orderan yg jaraknya lumayan jauh
Alisha,5,2024-02-23 09:46:02,Masya Allah pelayanannya bagus
The Mangkhoz,5,2024-02-23 08:30:41,semoga semakin baik
Nurhidayat Syukur,4,2024-02-23 08:19:52,good
K A R U B I N {ãƒŠ ã‚¿ ãƒ³},1,2024-02-23 07:24:08,Masuk tong ko juga ke daerah tallasa city kapassa
Dian Isdianti,5,2024-02-23 00:21:58,Pelayanan mantap... Saran untuk menambah lagi unit yang ada
Daeng Pasang,5,2024-02-22 12:26:16,Sy ingin gabung jadi driver Maxride ....trimakasih
Haswinda Indah,5,2024-02-22 11:25:18,nyaman
Lisnawati Yunus,5,2024-02-22 09:45:53,"baik, ramah"
Tj Rezeki Amdiani Amdiani,5,2024-02-21 14:18:24,nyaman sekali
Muh.ithisan rukman Nizar rangga99,1,2024-02-21 07:18:53,Bajai nya TDK ada di dekat rumah saya memang murah tp titik sudah sesuai pass mau mesan tiba-tiba Driver nya TDK ada
rizky rahman,5,2024-02-21 07:08:47,"mantap,, siapkan cash memang"
Mardiyah Almahabbah,5,2024-02-21 06:15:25,sangat membantu
Irwan sinta,5,2024-02-21 06:07:51,sangat bagus
Danial,1,2024-02-21 05:09:03,Bajajnya nggak tanggung jawab (tabrak lari).
Al Faizar,1,2024-02-21 05:05:54,"Tabrak lari temanku, tanggung jawab lah"
Indrawati 85,5,2024-02-21 03:57:26,Bagus
Christine Andu,5,2024-02-21 01:59:32,mantap tawwa
Mina Siang,5,2024-02-21 01:26:44,kmbangkan smoga smakin memantu
Muh Ibrahim,5,2024-02-20 14:00:12,mantap pelayanan nya
ANDI AKRAM,4,2024-02-20 11:39:05,perlu perbaikan maps nya
Alyqaputri Syarezha,5,2024-02-20 11:28:27,sagat puas
Pretia ___,1,2024-02-20 11:03:48,Bajajnya kurang ajar saya naik motor pelan2 malah diserempet dan bajajnya tabrak lariğŸ˜¡ Nggak ada minta maaf kalau ada tdk dikasi bintang 0
Idayanti Dhea,5,2024-02-20 10:34:27,bagus
erna wati,5,2024-02-20 03:11:43,sangat baik
Mitha lestari Mitha,5,2024-02-20 01:01:29,pengemudi ramah
Mama Kembarwaldi,5,2024-02-19 10:26:40,terima kasih banyak atas pelayanan bpk
Awaliah Buraerah,5,2024-02-19 05:22:21,nyaman
AMANDA PRATIWI ISMAIL,5,2024-02-19 04:38:53,nyaman banget
Hasbullah A. Ma,5,2024-02-18 06:11:09,"Alhamdulillah, terima kasih"
Andika Putra,5,2024-02-17 14:41:21,baik
Yuli irsa,5,2024-02-17 12:54:04,baik ramah sopan
Nur Sasrawati,5,2024-02-17 11:43:40,baik sekali
Hafsa Syamsiah,5,2024-02-17 08:39:55,terimakasih
ANDI MUH ARIF,5,2024-02-17 06:47:08,Mantap
Cemilan Masita,5,2024-02-17 06:09:09,sangat menarik
Ummu Rusytah,5,2024-02-17 05:59:34,pengemudinya baik
Muhammad Heril Abriyadi,1,2024-02-16 15:46:35,Driver Mabok Waktu Pesan Minta Penambahan Biaya Lagi Terus Kasar Lagi Jadi Tidak Mau Naik Maxtride lagiğŸ˜¡ğŸ˜ ğŸ¤¬
It's Me _Yahya_,1,2024-02-16 15:38:25,"Gk jelas, baru pesan masa udah diselesaikan aja tub orderannya, blom juga jemput penumpangnya udah diselesakan orderannya"
titho Suwito,5,2024-02-16 15:07:53,Mantap bajaj
Sompe KR,5,2024-02-16 09:55:41,mantapğŸ‘ğŸ‘
Dapurku Inspirasiku,5,2024-02-16 09:15:24,alhamdulillah barusan coba maxride anti macet
Fherie fhenie,5,2024-02-16 08:33:31,saya terbantu sekali dengan adanya Maxrider..karena disamping harganya murah dan bisa muat banyak orang . makasih Maxride
desta bintang,5,2024-02-16 05:43:31,Tolong si adakan telpon lewat applikasi soalnya ribet klo nelpon pakai tlpn biasa terimakasih
Takbir Arief,5,2024-02-16 03:43:45,sangat membantu
Edar Ade,5,2024-02-16 03:29:33,alhamdulillah... senang naik bajaj nya
Arif hidayat,5,2024-02-15 12:57:11,Bagus
fahri zainal,5,2024-02-15 10:45:44,pengemudi sangat ramah dan ğŸ‘ğŸ‘ğŸ‘ğŸ‘ğŸ‘
Aya Sagirlz,5,2024-02-15 07:43:02,Mantap.. Kena angin sepoi sepoi
Masna Abadi,5,2024-02-15 07:34:48,senang naik maxride
leence que,5,2024-02-15 02:43:13,Bagus sekali
Irdhayani Muslimin,5,2024-02-15 02:30:50,menyenangkan naik bajaj
Tini Arum,5,2024-02-15 01:57:58,"mantap dan lancar, drivernya cpt dtng hx sj untuk biaya tdk muncul di data sy, waktu order awalnya muncul tp stlh itu tdk bs dilihat kembali.ğŸ‘"
Caud Baso,5,2024-02-14 13:48:20,"tks,,,"
Nisa Sukawati Nur,5,2024-02-14 07:58:39,"nyaman, dan cepat"
Irha Usman,5,2024-02-14 06:50:21,pelayanan mantap
Abc Dosijsns,5,2024-02-14 06:30:16,bagus
Dolhpind 02,4,2024-02-14 04:38:06,4 dlu. krna masihbagak lama menunggu unitnya
syamsul bahri,5,2024-02-14 04:08:02,mantap
andarias sulu,2,2024-02-13 09:50:25,sangat kencang..
Ogen Dri,2,2024-02-13 07:15:08,ok
Suhardi Kila,5,2024-02-13 04:26:20,makasih banyak
Idayanti Octavia,5,2024-02-13 02:59:45,terima kasih pak
Muhammad yamin,5,2024-02-13 02:11:21,ok
Nur Asyah,1,2024-02-13 01:38:54,Di aplikasi tidak muncul kendaraan tiga roda.a yg muncul hanya kendaraan klasik dan bisnis..mohon d perbaiki
berkat sepeda,3,2024-02-13 01:37:55,"Sudah banyak driverya, tapi susah dapat kalau mau. Selalu ketemu yang jauh2 dari titik jemput."
Muhammad Rizal,5,2024-02-13 01:08:11,mantap
dear putri,1,2024-02-13 00:51:37,"Driverx main curang dengan driver lain, 1 kali order 2 driver yg muncul dan harus di bayar dua2x.jadi penumpang rugi harus bayar dua kali.tdk ada kolom komplain atau laporan .riwayat order 1 , yg datang 2 bajaj ,kacau aplikasi kampung ğŸ‘ auto hapus aplikasi haha"
Mega Silvia Kurnia,3,2024-02-12 09:20:02,Masih lama ada yang terima orderan sibuk terus. Mesti diulang berkali-kaliğŸ˜ª
Ghurunda Sadewadewa,2,2024-02-11 20:01:25,Masih kurang maxcimal Khusus area Gowa makassar
Zyaki muhammad Zyaki,1,2024-02-11 11:09:53,"Sy dr bulan coba mendaftar sebagai pengguna, tp sampai sekrg blum mendapat kode ,"
Nabila Nabila,5,2024-02-11 10:58:25,sabgat baik
Andri Any,5,2024-02-11 10:20:27,puas tapi pemseanan nya agak lama dapat kndaraan nya
naurah hirfit chanel,5,2024-02-11 10:09:19,mantap drivernya. RamahğŸ‘ğŸ»
Astini Inni,4,2024-02-11 08:07:13,"di order langsung dtg,, mksh drivernya ğŸ™ğŸ»"
Asrianto Asri,5,2024-02-11 05:38:17,baguss bnget
Jeane Pratiwie,5,2024-02-11 03:48:55,baik skli
ana si,3,2024-02-11 01:28:02,Pengemudinya banyak yang tidak tau jalan dan seperti tidak dilatih memakai aplikasinya. Harus berdebat dlu masalah lokasi dengan pengemudi
Andi Hisma,5,2024-02-10 10:28:19,pengemudi nya baik dan Ramah
israsubriatybakri israsubtiatybakri,5,2024-02-10 09:01:48,baik
Muhammad Wahba,5,2024-02-10 06:08:06,ok
Altin Sakona,5,2024-02-10 04:12:04,Ok
Rahmat Hidayatullah,5,2024-02-10 04:09:18,baik
Nurlinda Indah,5,2024-02-10 02:26:28,baik sekali
HUBSANZINO CHANNEL,5,2024-02-09 14:16:39,Tks..
nurjannah indrawati,5,2024-02-09 10:38:32,ok
Nurdin Baleng,5,2024-02-09 08:53:22,sangat puas
Rusma D'white,5,2024-02-09 07:02:05,sangat baikğŸ˜Š
Cening Rara,5,2024-02-09 06:48:04,"pertama kali pakai bajaj, pelayanannya top, driver ramah dan kendaraan oke"
tirr2511,5,2024-02-09 05:26:09,jd hemat uang pke iniii
Nur Isfirayani,4,2024-02-09 01:40:21,kalo bisa jgn terlalu ngebut. sama aja dgn naik motor
Herbal Makassar Shop,5,2024-02-09 01:08:15,mantap
Anastasia Setiawati,5,2024-02-08 13:08:43,sangat membantu
Diana Fitri,5,2024-02-08 13:08:41,Alhamdulillah baik
Sufiana Nrdin36,5,2024-02-08 11:08:35,bagus untuk perjalanan dekat dan juga harga terjangkau
Hujerah Kasim,5,2024-02-08 09:36:48,perjalananx dinikmati keren pokokx nyaman
Udjhoo,5,2024-02-08 08:32:36,mantap
andrie gita,5,2024-02-08 05:35:06,ok..mantap
Sinta Dewi,5,2024-02-08 03:21:05,sopan
Mariska Fabiola,5,2024-02-07 14:37:15,bagus
Fredy kadang,5,2024-02-07 10:49:13,"okk,mantab"
An'No AR,5,2024-02-07 10:28:38,disarankan coba maxride ternyata betul ramah drivernya ramah lingkungan dan kecepatan sesuai aturan lalulintas
Hesti Hesti,5,2024-02-07 09:43:39,sangat cepat
AF fandy,5,2024-02-07 06:48:02,"alhamdulillaah, sangat baik. terimakasih"
Rahman Opas,5,2024-02-06 12:29:09,terima kasih bajaj
Chandra Kirana,5,2024-02-06 10:52:44,mantap sekali pelayanan bajai ini semoga saja bisa seperti ini terus
Arch Irak,3,2024-02-06 08:38:25,"Masih kurang area makassar, lama menunggu dan kadang dak bisa order Dan driver kadang masih seenaknya mau Terima apa tidak, mungkin karena saingan masih kurang ya"
Butterscotch31,5,2024-02-06 07:44:15,"drivernya masih sedikit jd aga susah dptnya... smga bs nambah lagi, utk pembayaran smga bs chasless."
Farida Tuanaya,5,2024-02-06 07:43:09,terima kasih
Rayyan Ramadhan,5,2024-02-06 05:08:31,sangat baikk
Idha Farikhaz,3,2024-02-06 04:32:18,PADA SAAT MENGORDER TIDAK ADA YANG MAU TERIMAğŸ‘
keisyah fathir,5,2024-02-06 04:27:01,mantap
Syahrul Fayyadh,5,2024-02-06 04:21:53,mantap
Agus Jie,4,2024-02-06 02:03:06,"renspon nya cepat, sampai tujuan dgn lancar,mantap."
Asry SH,5,2024-02-06 02:01:27,makasi
Muh. Aryo Anugerah,4,2024-02-05 12:34:21,harga tidak tertera setelah dapat driver
suriani mokla,5,2024-02-05 06:41:38,good
Arnold Andilolo,1,2024-02-05 06:00:44,Kenapa kode verifikasi via sms tdk pernah ada/ muncul... bgm mo di pake... mengecewakan..
natalia agnes,5,2024-02-05 01:28:24,Terima kasih
AJI_ ICCHANK,5,2024-02-04 15:20:48,Bru di coba
Muh Devan Alghifari,5,2024-02-04 11:22:14,"Alhamdulillah maxride, driver nya baik dan ramah"
Nining Wahyudi,5,2024-02-04 11:01:35,bapaknya ramah......
Andi Baso,5,2024-02-04 07:05:44,baik dan ramah ğŸ˜Š
Inriani Idrus,4,2024-02-04 01:02:06,sejauh ini baik
Sukman Mappe,5,2024-02-04 00:19:37,"Nyaman & Aman. Perlu sdikit perbaikan aplikasi, bgaimana bisa kontak driver utk mmastikan posisi titik jemputan."
Jufe Jufri,3,2024-02-03 23:52:06,Tolong driver nya di kasih tau kalau mau berhenti dipinggir jalan jangan sama kayak angkutan umum alias pete2 tw sen kiri tw sen hati2
Maryanti Anti,5,2024-02-03 09:22:13,ramah sopirnya
Rini Ponya,5,2024-02-03 07:01:11,terimakasih
Hafsa,5,2024-02-03 06:56:31,bagus
Aguzz Megauk,5,2024-02-03 06:45:37,ğŸ‘ğŸ‘ğŸ‘ğŸ‘ğŸ‘
Muh.Akbar Fhysio,5,2024-02-03 06:45:08,ğŸ‘ğŸ‘ğŸ‘ğŸ‘ğŸ‘ğŸ‘ğŸ‘ğŸ‘ğŸ‘ğŸ‘
Nurul Atira,5,2024-02-03 05:31:43,sangat baik
Ichank Icc,5,2024-02-03 05:14:29,Sangat membantu masyarakat di kota Makassar. Smoga ke depannya tambah bagus baik pelayanan dan aplikasinya...
Andi Batari,5,2024-02-03 04:09:35,Good
Paulina Manangka,5,2024-02-02 11:43:46,Aplikasi bagus
henny r ronggur,5,2024-02-02 10:56:11,pak saya mau tanya ada hp ketinggalan d kursi
Nur Kanaya,5,2024-02-02 02:15:25,good
Ras Man,5,2024-02-01 07:59:32,mantap ongkos sesui
Galang,5,2024-01-31 15:50:26,murah banyak angin
Yusniati Niaty,5,2024-01-31 09:41:05,bagus cepat
Ambo Nilma,5,2024-01-31 07:39:20,Bru mau mencoba
Andi Ayra,5,2024-01-31 06:55:48,terima kasih
Bear Brand,5,2024-01-31 06:37:19,Kenapa Belum Bisa Aplikasinya Di Kab.Maros
Ilham Ilo,1,2024-01-31 06:17:37,Biaya daftarnya terlalu mahal untuk wilayah makasar mingguan juga terlalu mahal
Mhmmad Ridwan,1,2024-01-31 02:46:51,Bnyk kurangnya
Asrina Alimuddin,5,2024-01-31 00:06:59,mantap
Nursanty Santy,5,2024-01-30 11:06:46,terimakasih pak ğŸ™
Hania Hania,5,2024-01-30 07:25:35,driver nya ramah
Marda Wiyah,5,2024-01-30 06:49:37,"Pengemudi yang baik, serba hati2 bawa kendaraan. Semoga makin lancar rezekinya ya pak"
Diana Wati,5,2024-01-30 04:41:51,"aman,nyaman.armadax dibanyakin"
Kasma Serang,5,2024-01-29 23:24:18,sangat puas
Heni Ramdani,5,2024-01-29 12:53:15,sangat menyenangkan Naik bajay.. Semogah usaha bajay lancar.. Amiin ğŸ¤²
Fatmawati Usman,5,2024-01-29 05:21:30,bagus tawwa ... terima kasih driver...
Iwank Iwank,5,2024-01-29 03:33:16,baik
Hasanuddin Nojeng (hasan),5,2024-01-29 02:34:53,lumyanlah
Kopi Susu,5,2024-01-29 02:19:47,ğŸ‘
Aqirah Levitov,5,2024-01-29 00:07:00,mantap
Rafly Eka,5,2024-01-28 04:45:05,sangat tepat waktu
syipaawww,5,2024-01-27 12:15:22,"bagusss bgt, nyaman lagii"
ulil nur,5,2024-01-27 10:15:38,Baik
Nur wahyuni Ayu,5,2024-01-27 08:53:10,nyaman
Ariyanto Suyuti,5,2024-01-27 08:41:33,Mantap
Asya Ri,5,2024-01-27 04:55:33,sangat cepat dan dan murah
Amin Tanjeng,5,2024-01-27 02:16:56,pelayanan baik
Sri Nurhakikii,5,2024-01-27 02:12:10,Sangat memudahkan apalagi disaat hujan. Pokoknya maxride sangat membantu Terimakasih MAXRIDE
Andi Arifin,5,2024-01-27 01:38:22,Transportasi alternatif solutif
Rahim Bustam,5,2024-01-27 01:26:46,Aplikasi yg mantap untuk customer tiga roda.
shoot power,5,2024-01-27 01:26:00,Aplikasi ini sangat membantu dibanding aplikasi yg lain
emil alvapratama,5,2024-01-27 01:25:47,Terbaik memang ini Maxride ......
Fathur Ashar,5,2024-01-27 01:23:58,Mantap
Harya Seno,5,2024-01-27 01:23:53,Mantaps
Via Kisman,5,2024-01-26 14:38:09,Good
Nana Dalle,5,2024-01-26 14:36:42,Maxride Bajaj mantap dan harga bersahabt ğŸ‘ğŸ‘
unank vera,5,2024-01-26 12:48:01,Keren !!! Aktifitas lancar biar hujan trobossa. Mantapp bajaiğŸ¤©
Doker Dokerz,5,2024-01-26 12:46:35,"Aplikasi ini sangat menbantu masyarakat khususnya di kota makassar, dan harga murah terjangkau. Sukses terus buat maxride sebagai apikasi pendatang baru yg sangaat menarik ğŸ˜ğŸ˜â­â­â­"
Tanti Apriani,5,2024-01-26 10:49:01,"seru bgt,,driverx jg ramah"
Erna Wati,5,2024-01-26 09:24:28,bagus
hatim hanum,5,2024-01-26 06:30:17,driverx ramah
Kholifatu Hasanah,5,2024-01-26 04:31:21,ramah
ibnu baso,1,2024-01-25 13:14:36,"Lebih mahal dibandingkan grab, drivernya juga didebat dulu baru mau sesuai rute ,hanya krn macet , jd agak maksain mau lewat tol, padahal budget pas pasan. Bayangkan kalo lewat tol , yg bayar tol kan si penumpang. Diaplikasi juga tdk akurat, masa' udah mau sampai tp keterangan sementara menunggu menjemput. Dan tdk muncul rincian infonya pula seperti tarif . Perbaiki lagilah ."
Awaluddin Bahar,1,2024-01-25 13:00:43,Driver sering ugal ugalan lebih parah dari bentor
Jannatun Mawaddah,5,2024-01-25 03:31:22,"Perjalanannya jadi lebih menyenangkan. Akan jadi pilihan transportasi favorit utamanya buat anak2. Terimakasih, Pak"
Irma Sweety,5,2024-01-25 01:18:36,Transportasi yg bagus
lala Jovary,5,2024-01-24 13:03:54,kendaraan yg sgt istimewağŸ˜
Agussalim ST,5,2024-01-24 06:25:17,"Alhamdulillah... kehadiran bajaj di kota Makassar dapat menyerap tenaga kerja atau mengurangi pengangguran, jaya selalu"
Abyan channel,5,2024-01-24 05:22:56,sangat bagus
Nurliati lia,5,2024-01-24 00:22:26,Bagus
Chia Mantasia,5,2024-01-24 00:08:33,drivernya ramah
Andi Tenri Jaya,5,2024-01-23 07:13:31,pelayanan yg sangat memuaskan
Fina,5,2024-01-23 06:27:06,bagus
Tukan Emas Anda,5,2024-01-23 04:35:37,sangat membantu
Only God Know,1,2024-01-23 04:29:20,"Minimal berbaiki la sudah pesan sesuai titik eh malah pindah di lokasi lain sampe2 tukan Bajainya Marah2 tidak tau cerita pelan"""
Sugiyono Dayat,5,2024-01-23 02:15:41,driver baik dan hargapun terjangkau
Agus Santosa,5,2024-01-22 12:01:36,Mantaps bisa masuk lorong sempit
RAM LAN,5,2024-01-22 08:14:27,sangat membantu ketika hujan
Step Stephanus,5,2024-01-22 07:57:58,mantap
Herman Syaah,1,2024-01-22 07:22:10,Masih belum bisa menjangkau semua lokasi di maps
Muhlis Alhaq,5,2024-01-22 06:21:50,Murah meriah aman
hikmawati ahmad,5,2024-01-21 07:33:14,"keliling Makassar naik Bajaj kayaknya Oke.. Bajaj masih baru, mulus dan pelayanan bagus..ğŸ‘"
Nur Riskiyanti,5,2024-01-21 07:29:03,good
Mia Cammo,5,2024-01-21 06:58:52,ramah
Isra,5,2024-01-21 04:24:59,mantap
Jumardi 933,5,2024-01-21 02:08:03,sangat rekomend
Irwandi Thayf,1,2024-01-20 07:09:11,Tolong dipastikan deiver bajajnya sudah benarÂ² paham tentang motor manual. Kan repot jg kalau drivernya selama ini hanya pakai motor matic terus tibaÂ² harus mengendarai motol manual . Masa sih penumpang yg mesti mentorin drivernya ..
muammar khadafi said tiro,5,2024-01-20 06:05:21,mantap
Kartini Waralalo21,5,2024-01-20 02:11:52,bagus layanan nya
Igo Splitsplit,5,2024-01-19 12:30:41,mantap
17 Plus,5,2024-01-19 11:13:38,Bgs banget
Ani Quincha,5,2024-01-19 08:57:39,"klo bs pembyran jgn cash dong, klo bs sistem trf ato yg lain ğŸ™ğŸ™"
rosali effendy,5,2024-01-19 08:37:02,nyaman
Suli Ono,5,2024-01-19 05:05:23,"harga pengantaran lumayan terjangkau bagi kami kaum menengah ke bawah, mantap."
Hapida Pida,5,2024-01-18 05:30:15,terima kasih
R. Dimas,5,2024-01-18 03:56:48,baik
fredy likaja,5,2024-01-17 03:00:45,"Praktis,murah,bisa selap selip di jalanan kecilğŸ™‚"
DARTI DARTI,5,2024-01-17 01:14:17,terimakasihğŸ’ª
Dewi Nurhani,5,2024-01-16 12:23:43,sangat baik
ira rahmawati,5,2024-01-16 09:17:23,pelayanan baik
Nur Khazanah,5,2024-01-16 07:36:45,super nyaman perjalanan aman... anak ku juga senang next order lagi
Muhammad Masdar,5,2024-01-16 05:35:42,bagus
Heryanti Jusmi,5,2024-01-16 04:27:18,terbantu klo musim hujan
Dimas Septyan,5,2024-01-16 03:35:47,tuk weekend keliling kota pas bnget nyaman dan aman .drivernya welcome asyik
Shofia Adhara Rania,5,2024-01-16 00:11:22,"bagus, lumayan gak basah, cepat sampaienjangkau lorong2 ğŸ˜†"
Ramli Situju,5,2024-01-15 07:33:09,"terima kasih,salahsatu transportasi pilihan yg membantu masyarakat utk mencapai tujuan dgn ongkos yg terjangkau"
Reski Vivomks,4,2024-01-15 06:31:22,Baik
Nazril Nazrilhanaping,5,2024-01-14 09:43:46,mantap
Andi Wahyu,5,2024-01-14 09:07:56,maa syaa Allah
Gentry Brief,5,2024-01-14 08:10:55,kerennnn!!!!
Jorgi Watana,5,2024-01-14 07:59:03,sangat bgus fan driver sangat membantu
Andhrie M12,2,2024-01-14 05:20:55,Belum banyak titik maps yg dijangkau
Ayatul Husna,3,2024-01-14 03:10:32,Kami warga Maros belum bisa dapat driver di aplikasi ini. Tolong don dibuka terpaksa kami pesan offline. Karna saya liat sudh banyak yg lewat dijalanan maros
jus harun77,5,2024-01-13 08:38:26,mantaf. bawa anak . kluar hujan hujan . alhamdulillah bayar murah tpi tdk khujanan . luang lagi t4 dusuknya. masyaAllah
RAHAYU YUNUS,5,2024-01-13 05:38:04,"pengemudi baik,ramah..bersih dan tepat waktuğŸ‘ğŸ‘ğŸ‘"
Abdullah Munir,5,2024-01-11 13:13:04,sangat membantu dari panas dan hujan...dan bisa muatan 2 atau 3 org
Titia Frederika,5,2024-01-11 11:49:51,sangat bersih dan sopan drivernya
Ifaly Adila,3,2024-01-11 03:10:42,"driver harusnya siapkan uang kembalian, jangan penumpang yang kesana-kemari tuker uang. apalagi klu buru-buru.ğŸ˜”"
Andi Rizki Syamsul Bahri,3,2024-01-10 16:27:15,Harganya masih lebih mahal dari Ojol lainnya. Padahal jarak tempuhnya dekat.
Indri Mks,5,2024-01-10 03:51:29,sangat baik dan ramah pengemudi nya
Zak San 2008,5,2024-01-10 02:56:20,bersih dan tepat waktu
Saidah Ida,5,2024-01-10 02:33:38,Driverx RamahğŸ‘
Murdani Dani,5,2024-01-09 07:05:37,terima kasih daeng
Rani Marcstella,5,2024-01-09 01:00:46,"terimakasih, sangat puas"
Rahmat Rahmat,5,2024-01-08 09:23:05,puaass dan supirnya asyik di ajak ngobrol
Madrianah Madrianah,5,2024-01-07 14:22:17,baiknya kalau on time
Rosmi Lani,5,2024-01-07 08:10:14,menyenangkan naik maxride dan murahğŸ¥°
waty mansyur,5,2024-01-06 08:15:11,semoga makin bertambah armada bajaj nya
Andi Anisah Afifah Syah,5,2024-01-06 06:23:49,Good aplikasinya & drivernya ramah
A Syawal N,5,2024-01-06 06:19:09,Aplikasinya lebih mudah digunakan & gak ribet. Tarifnya juga murah dan lebih mudah kemana2 krn ukurannya kecil
Bdja Gorontalo,5,2024-01-06 04:20:28,Aplikasi transportasi online roda 3 pertama di indonesia
Zihan Khumairoh,5,2024-01-06 03:03:40,Manthap.....mudah mudahan sampai ke gorontalo
Hedar Man,5,2024-01-06 02:51:42,Mantap
Kurniati Misran,5,2024-01-04 11:49:51,"Mkasih masnya,di antar smpai tujuan"
Nur Hayati Bachtiar,5,2024-01-04 08:38:23,bagus
Rhyoko Rhyoko,5,2024-01-04 06:49:34,baik
Hardiman Azzahra,5,2024-01-03 10:21:50,semoga bisa berkembang lagi sangat membantu
Asiyah Syandi,5,2024-01-01 11:53:25,Mantap
BANTRIAJUN SESEAN,4,2023-12-31 11:03:39,NO Comment
Andi Asyraf,5,2023-12-31 06:14:33,ğŸ‘
Angelita Melisa,5,2023-12-30 14:58:23,mantul
Udhy Pakguru,5,2023-12-30 12:49:53,sangat membantu
Epin Jeno,3,2023-12-30 11:26:45,Tolong dari pihak maxride untuk berikan teguran bagi drivernya Hanya karena lokasi penjemputan diatas 5 menit malah minta dibatalkan Kok begini ya ngak konsisten samasekali saya order sampai tiga kali minta dibatalkan heran juga saya rasa padahal nilai tarifnya sudah ditentukan dari pihak maxridenya sendiri kebanyakan drivernya mau yang dekat semua
Khanza Putri maharani,5,2023-12-29 11:14:29,driver ramah dan baik
Misnaini L,5,2023-12-27 05:18:51,nyaman dan hati-hati
Enita Arma,5,2023-12-26 05:01:34,"mantap ..suka,driver ramah..ğŸ‘ğŸ‘ğŸ‘ğŸ‘"
Gl Ci,5,2023-12-25 13:47:30,mantapp
Windira Sari,1,2023-12-25 12:41:58,"Pesan satu kali, tpi dirvernya selalu lewat kejauhan pas udh lewat jauh dibatalin sndri trus gnti driver sndri, smpe hmpir 10 kali gnti driver sndri.. Kalau mau cri driver tolong yg bener2 mau krja dan ngrti teknologi, klau kyk gni lebih buruk dripda maxim!"
Sandra Ari,5,2023-12-25 12:22:56,Koq sdh tdk bisa d gunakan??bgtu buka aplikasi tertulis tdk ada koneksi internet pdhl data dan wifi ada
Rizal Usman,2,2023-12-24 02:17:27,"Tolong perhatikan kembali aplikasi kalau sudah pesan dan sudah sampai ditujuan. Terkadang aplikasi auto reorder atau memesan ulang kembali dengan titik penjemputan dan tujuan yang sama. Entah siapa yang salah, tapi saya sebagai driver sudah 3 kali dpt pesanan dan sampai di titik penjemputan pas tlfn costumer katanya dia sudah diantar 1 jam yang lalu, konyol. Setelah costumer cek aplikasi ternyata mmng pesan ulang tp bukan di sengaja, tanpa sepengetahuannya, aneh bin ajaib maxride. Sessa jki"
Subri Zola,4,2023-12-24 02:03:32,"Bagus... Hanya saja waktu menunggu driver yg datang masih lumayan lama, mgkn krn driver msh kurang jadi dapat yg jaraknya jauh jauh"
Andi Linda,5,2023-12-23 02:44:40,mantap
Azzahrah Anna (AnnaMO),5,2023-12-23 02:18:27,senang banget driver baik
Aulia 77,5,2023-12-23 01:09:02,terima kasih
Taudehh321,5,2023-12-22 04:23:58,pelayanan baik
Abdul salam,4,2023-12-21 03:03:38,"masih perlu dikembangkan lagi,terutama pengemudinya,sebagian besar belum paham dengan aplikasinya,yang paling mendasar para pengemudinya gak terlalu paham membaca peta,ini khusus tuk pengemudi yang di Makassar perlu adanya traning sangat perlu seperti pengemudi ojek online lainnya..."
Fitri Mawar,5,2023-12-21 02:03:28,mantap
Marwan Saini,5,2023-12-20 02:31:36,membantu...cepat dan lumayan murah...ğŸ‘ğŸ‘
Ibrahim Arif,1,2023-12-19 06:52:27,Tidak ada masuk SMS verifikasi nya
Andi Batari Hamka,3,2023-12-19 06:35:00,"tolong drivernya lebih di ajarkan wawasannya tentang teknologi, terkusus baca map, sy pesan dr td tidak sampaiÂ² sampe mutarÂ² krn ga tau baca map. padahal ini kl drivernya semua bisa baca maps pasti maxrud menjadi salah satu transportasi yg dibutuhkn ."
Anti Usman,5,2023-12-18 13:14:29,sangat baik dgn ada nya bajaj
ARFIYANI YUSRI,5,2023-12-17 13:21:10,murah nyaman
Nur Ridwan,5,2023-12-16 06:12:00,Bajai emang baik cuma orang yg iri hati yang kasi bintang 1 komentar tidak lepas
Randi WYN,5,2023-12-14 13:31:10,Baik emang bajai iye
Abd Rahmat syarif,5,2023-12-14 05:38:35,Gasssssss sampai Jebolll
Iqra Bismawati,1,2023-12-14 00:47:56,Aplikasinya bagus.. Tapi sayang kemarin saya order total pembayaran 57ribu tapi pas bayar 71rb.mana saya orderkan teman saya.. Dengan DD4321 XX.. Dan mohon untuk aplikasinya bisa diberikan penilaian supaya drivernya bisa di nilai di situ..
Tenk Mo,5,2023-12-10 14:41:23,Mantap sangat membantu
Gustiawan Tipe-X,5,2023-12-07 14:18:26,Maxride Top Bangett .... ğŸ‘
Muhammad Saputra,5,2023-12-07 02:07:08,Seru
Candra Dewi25,5,2023-12-06 09:00:32,bagus
Mutiah Subbaga,5,2023-12-04 12:29:55,recomended buat transportasi aman dan nyaman.....like for bajaj re
tanete Kalapadang,5,2023-12-03 10:29:57,"keren , dan bagus"
Adjeng Sekarrini,5,2023-12-03 02:12:38,Suka banget akhirnya bisa naik bajaj mana bajajnya bagus ga ringkih pelayanan juga bagus pertahanin yağŸ¤
Mulianti Tiko,5,2023-12-02 08:53:31,Terima kasih sudah tolong sampai rumah pak ğŸ™ğŸ½
Ibe Ibemo,5,2023-11-27 18:31:02,Semoga Berkah
Anca Anca,5,2023-11-23 01:30:34,Bagus
M Safri,5,2023-11-08 05:52:49,good
Fauzan Rahman,5,2023-11-07 16:13:27,"pokok nya Gasskan, sukses ki.."
Halmah Kamma,5,2023-11-02 22:51:21,Good aplikasi bajai
Syukron Dwi Anugrah Alam,1,2023-10-16 05:17:42,"tdk bisa login, notif koneksi tidak tersambung"
